[
    {
      "id": 1,
      "name": "Pixel",
      "price": 50000.456,
      "description": "Google Pixel",
      "code": "MOB-001",
      "rating": 5,
      "date": 1556967378680,
      "featured": true,
      "imageUrl": "https://www.jbhifi.com.au/FileLibrary/ProductResources/Images/191637-L-LO.jpg"
    },
    {
      "id": 2,
      "name": "Redmi Note 7",
      "price": 15000,
      "description": "Lorem ipsum dolor sit amet consectetur adipisicing elit. Autem, doloremque quas illo dignissimos sapiente nostrum adipisci et unde ipsa ut commodi. Eius, distinctio molestias rerum consequuntur at iusto quibusdam fugiat.",
      "code": "MOB-002",
      "rating": 4.5,
      "date": 1556967378680,
      "featured": false,
      "imageUrl": "https://www.jbhifi.com.au/FileLibrary/ProductResources/Images/191637-L-LO.jpg"
    },
    {
      "id": 3,
      "name": "Samsung",
      "price": 45000,
      "description": "Samsung",
      "code": "MOB-003",
      "rating": 4.3,
      "date": 1556967378680,
      "featured": false,
      "imageUrl": "https://www.jbhifi.com.au/FileLibrary/ProductResources/Images/191637-L-LO.jpg"
    }
]